name,surname,age,email
Emery,Spinka,86415,Breanna_Wolf@yahoo.com
Richmond,Abernathy,6400,Bonita7@hotmail.com
Marquis,Jaskolski,28807,Samanta_Vandervort@gmail.com
Francesca,Bartell,28035,Carmella.Denesik@gmail.com
Lyric,Bernier,47349,Gerald.Stracke@hotmail.com
Afton,Cartwright,74929,Morgan_Reinger76@yahoo.com
Loyal,Murphy,91430,Richie_Hirthe62@gmail.com
Shana,Medhurst,78300,Dorthy.Lind35@gmail.com
Reggie,Schinner,41746,Matilde4@gmail.com
Yadira,Dicki,25229,Arvilla.Denesik@yahoo.com
Maximus,Lesch,18389,Bertha.Armstrong7@gmail.com
Kacie,Dickinson,72996,Mariana.Hermiston@gmail.com
Ralph,Hoppe,53489,Keely.Hermann48@gmail.com
Enoch,Adams,78596,Jessika_Schultz73@gmail.com
Alysson,Legros,47441,Hilton.Rempel@hotmail.com
Oliver,Hyatt,67260,Dimitri.Maggio@gmail.com
Alfonzo,Dare,99668,Judah.OReilly54@gmail.com
Eula,Wiegand,38240,Maud20@gmail.com
Dennis,Boyer,53641,Blanche37@hotmail.com
Alexandria,Cremin,47455,David_Kertzmann@yahoo.com
Urban,Okuneva,12563,Vena_Jacobi22@yahoo.com
Monty,Koss,44887,Xavier.Hessel@yahoo.com
Sydni,Kuphal,10230,Dora.Lesch@hotmail.com
Barbara,Herzog,96530,Donavon32@yahoo.com
Providenci,Miller,22975,Elisabeth.Jacobson@yahoo.com
Carlee,White,42953,Xander62@yahoo.com
Enid,Stroman,16530,Mazie.Bode@gmail.com
Anita,McGlynn,53539,Penelope.Schneider@gmail.com
Crystel,Kulas,9802,Ericka_Little@yahoo.com
Rebeca,Williamson,25983,Neil_Herman91@gmail.com
Eliza,McClure,51480,Adam_Beier56@hotmail.com
Kayley,Mueller,60277,Jeramy30@gmail.com
Bessie,Schroeder,8428,Valentina7@hotmail.com
Robert,Williamson,45205,Shyann23@gmail.com
Marley,Smitham,69746,Lenore_Watsica@gmail.com
Alf,Sanford,8903,Deanna_Prohaska@hotmail.com
Skylar,Greenfelder,1063,Leopold_Cartwright1@yahoo.com
Ari,Labadie,76219,Adam.Weissnat74@yahoo.com
Edward,Gutkowski,9700,Alyson_Brekke@yahoo.com
Trever,Bruen,83125,Kayleigh_Bayer61@gmail.com
Aliza,Barrows,36763,Candelario.Schiller65@gmail.com
Flossie,Langosh,88176,Marjorie_Schimmel64@gmail.com
Thaddeus,D'Amore,83302,Moises_Turner@yahoo.com
Lauren,Swift,21480,Sydnee61@gmail.com
Lucienne,Reynolds,14656,Demario.Graham36@gmail.com
Garfield,Howell,50929,Eldred.Wiegand@hotmail.com
Jewel,Reinger,67286,Camille_McClure12@yahoo.com
Antonio,O'Reilly,97624,Federico.Nolan28@gmail.com
Antonina,Rogahn,79336,Orval.King@yahoo.com
Werner,Schinner,32686,Zetta77@hotmail.com
Lillie,Nicolas,94228,Lucius93@hotmail.com
Jerald,Price,70724,Hubert.Lang@hotmail.com
Chadd,Veum,82981,Carmen_Heathcote@yahoo.com
Hiram,Kuhn,27620,Vada.Langworth81@yahoo.com
Carol,Kreiger,72349,Lacy86@yahoo.com
Josiah,Bechtelar,74849,Gilberto_Mitchell20@hotmail.com
Santa,Rogahn,3566,Amalia.Bartell36@hotmail.com
Eulalia,Abshire,37480,Elsa_Wyman@gmail.com
Norma,Dooley,18294,Lenora20@hotmail.com
Isobel,Stehr,61421,Zena76@yahoo.com
Camryn,Swift,54127,Dasia_Toy77@gmail.com
Jazmyn,Nader,87503,Arlene80@gmail.com
Zack,Kris,82331,Chloe.Heathcote6@hotmail.com
Marilie,Goodwin,97936,Ezequiel9@yahoo.com
Sarah,Weimann,90071,Tom96@yahoo.com
Presley,Kuhn,47642,Maryse.Gaylord@hotmail.com
Orie,Breitenberg,95412,Vada_Cormier@yahoo.com
Emily,O'Reilly,27579,Efrain.Murphy32@gmail.com
Raymond,Lindgren,80755,Amalia_Willms51@yahoo.com
Jonatan,Langosh,70301,Theresa85@yahoo.com
Destiney,Stoltenberg,70320,Meta_Bednar55@gmail.com
Lou,Shanahan,54790,Ila75@hotmail.com
Mathew,Metz,50405,Ross_Buckridge26@yahoo.com
Alek,Lang,29609,Sterling.Koepp20@yahoo.com
Princess,Brakus,24043,Willow_Keeling@gmail.com
Josue,Stroman,53772,Waldo_Christiansen12@yahoo.com
Meda,Brakus,62826,Gavin69@gmail.com
Charley,Rau,56760,Marlee19@gmail.com
Hilma,Hayes,62133,Rosalee_Murazik23@yahoo.com
Trever,Bins,81394,Rachel53@yahoo.com
Will,Bode,84152,Xzavier93@yahoo.com
Ara,Langosh,3380,Daisha.Kshlerin@hotmail.com
Deondre,Oberbrunner,74288,Maxime33@yahoo.com
Ona,Pfannerstill,19693,Paige_OKon59@gmail.com
Marjolaine,Nader,84030,Martina.Kunde@hotmail.com
Buford,Windler,43301,Kelsie_Ruecker63@hotmail.com
Max,Gottlieb,86447,Jarred45@gmail.com
Friedrich,Crist,3487,Lemuel93@hotmail.com
Albert,Hamill,27555,Karl_Romaguera@hotmail.com
Abagail,Lemke,97612,Zora.Mraz@yahoo.com
Oswaldo,Williamson,50086,Titus.Nitzsche65@hotmail.com
Adolph,Cremin,53994,Daron9@hotmail.com
Osvaldo,Satterfield,19028,Theodora8@gmail.com
Daniella,Konopelski,63346,Damien.Lehner@hotmail.com
Hope,Bode,50328,Kaylah9@hotmail.com
Zella,Sporer,94801,Kaleb.Windler48@yahoo.com
Marshall,Roob,12077,Jayda_OConner@hotmail.com
Blaise,Feest,60953,Gloria_Watsica74@yahoo.com
Sven,Dare,69314,Brandon_Gislason74@gmail.com
Allen,Towne,84359,Ayana_Cremin25@yahoo.com
